{
  "type": "ridge_regression",
  "intercept": 7.19178472204236,
  "coefficients": [
    0.02210478899089278,
    0.044886165885413554,
    0.6440427023307347,
    0.0,
    0.0,
    -0.24917348047947593,
    4.008419605290407,
    1.0804304878949968
  ],
  "feature_names": [
    "keyword_score",
    "skill_score",
    "ats_score",
    "content_score",
    "layout_score",
    "missing_count",
    "cv_length_k",
    "jd_length_k"
  ],
  "alpha": 1.0,
  "metrics": {
    "mae": 5.585,
    "rmse": 7.034,
    "r2": 0.6742,
    "loo_cv_mae": 6.155,
    "n_samples": 79
  }
}